Ref,Component,Value/Specification,Footprint,Notes
U1,LTC3108EGN,LTC3108 SSOP16 GN,ThermoActive:SSOP16_P0635,Manufacturer pinout Rev D verify before assembly
C1,Ceramic,1nF >=10V,ThermoActive:Cap0805,C1 coupling
C2,Ceramic,330pF >=16V,ThermoActive:Cap0805,C2 coupling
C3,Ceramic,1uF >=6.3V,ThermoActive:Cap0805,VAUX decoupling
C4,Ceramic,2.2uF >=6.3V,ThermoActive:Cap0805,VLDO decoupling
C5,Polarized input reservoir,220uF low leakage >=6.3V,ThermoActive:RadialCap,Verify leakage and actual lead pitch
C6,Polarized regulated output,470uF >=6.3V low ESR,ThermoActive:RadialCap,Check ripple and pulses
C7,DNP optional VSTORE,DNP,ThermoActive:RadialCap,External supercap on J4 instead
J1,TEG terminal,2-pin 2.54mm,ThermoActive:Header1x2,TEG_P and GND
J2,External transformer connector,4-pin 2.54mm,ThermoActive:Header1x4,Winding polarity requires verification with Coilcraft
J3,Output 3.3V terminal,2-pin 2.54mm,ThermoActive:Header1x2,Do not attach MCU until safe load profiling
J4,External 0.1F 6.3V supercap,2-pin 2.54mm,ThermoActive:Header1x2,Check ESR leakage polarity max ratings
J5,PGOOD monitor,2-pin 2.54mm,ThermoActive:Header1x2,High impedance meter only
T1,Transformer external,Coilcraft LPR6235-752SML 1:100,NOT ON PCB,Needs physical breakout and winding verification
